country,year,central_midfield_market_value,centre-back_market_value,centre-forward_market_value,defensive_midfield_market_value,goalkeeper_market_value,left_midfield_market_value,left_winger_market_value,midfielder_market_value,right-back_market_value,central_midfield_age,centre-back_age,centre-forward_age,defensive_midfield_age,goalkeeper_age,left_midfield_age,left_winger_age,midfielder_age,right-back_age,right_winger_market_value,right_winger_age,attacking_midfield_market_value,left-back_market_value,striker_market_value,attacking_midfield_age,left-back_age,striker_age,right_midfield_market_value,right_midfield_age,second_striker_market_value,second_striker_age,defender_market_value,defender_age
Kuwait,2018,162500,150000,125000,725000,100000,100000,100000,25000,100000,27.5,30.5,31,29.5,31,31,27,24,31,NA,NA,NA,NA,NA,NA,NA,NA,NA,NA,NA,NA,NA,NA
Kuwait,2019,162500,187500,125000,587500,100000,100000,100000,NA,100000,28.5,32,32,30.5,32,32,28,NA,32,100000,32,NA,NA,NA,NA,NA,NA,NA,NA,NA,NA,NA,NA
Kuwait,2021,287500,275000,241666.66666666666,254166.66666666666,175000,NA,366666.6666666667,25000,168750,26.5,25.428571428571427,27.5,26.166666666666668,27.6,NA,26,27,26.25,243750,23.75,87500,208333.33333333334,100000,22.5,23.333333333333332,33,NA,NA,NA,NA,NA,NA
Kuwait,2022,375000,345000,230000,250000,287500,NA,308333.3333333333,NA,300000,31.5,27.2,27.4,28.5,26.5,NA,28,NA,26,250000,26,NA,183333.33333333334,NA,NA,24.333333333333332,NA,NA,NA,NA,NA,NA,NA
Kuwait,2023,283333.3333333333,293750,183333.33333333334,300000,268750,NA,300000,NA,200000,28.666666666666668,27,23,29.5,25.5,NA,27,NA,26,287500,26.25,NA,216666.66666666666,NA,NA,24.666666666666668,NA,NA,NA,NA,NA,NA,NA
Kuwait,2024,237500,235000,187500,291666.6666666667,162500,NA,283333.3333333333,200000,237500,30.5,28.8,29,28,30.166666666666668,NA,27.666666666666668,27,28,270833.3333333333,25,NA,208333.33333333334,NA,NA,27.333333333333332,NA,NA,NA,NA,NA,NA,NA
Kuwait,2025,258333.33333333334,255000,225000,300000,187500,NA,283333.3333333333,NA,216666.66666666666,28.666666666666668,28.6,28.5,27.333333333333332,28.75,NA,25.666666666666668,NA,27.666666666666668,225000,25,NA,212500,NA,NA,27,NA,NA,NA,NA,NA,NA,NA
Bosnia and Herzegovina,2018,12708333.333333334,4031250,2755000,3383333.3333333335,2350000,1000000,583333.3333333334,NA,1000000,27,27.375,26.8,25.666666666666668,27.5,24,25.666666666666668,NA,22,6625000,27.5,3250000,550000,NA,23,26.5,NA,NA,NA,NA,NA,NA,NA
Bosnia and Herzegovina,2019,18250000,3507142.8571428573,2535714.285714286,3080000,630000,800000,800000,NA,600000,30,28.142857142857142,26.714285714285715,27,27.2,25,26,NA,27,3287500,27.25,3233333.3333333335,800000,NA,24.666666666666668,24,NA,NA,NA,NA,NA,NA,NA
Bosnia and Herzegovina,2020,20000000,2564285.714285714,3321428.5714285714,2300000,504166.6666666667,1500000,766666.6666666666,NA,625000,31,26.857142857142858,27.714285714285715,24.857142857142858,27.333333333333332,26,26.333333333333332,NA,26.25,4750000,28,2525000,1500000,NA,26,25,NA,400000,26,NA,NA,NA,NA
Bosnia and Herzegovina,2021,7771428.571428572,1702083.3333333333,2625000,2353571.4285714286,395000,NA,762500,NA,450000,25.714285714285715,24.583333333333332,26.5,23.142857142857142,24,NA,24,NA,24,300000,26,2200000,950000,NA,24.5,23,NA,850000,27.5,NA,NA,NA,NA
Bosnia and Herzegovina,2022,3533333.3333333335,4921428.571428572,3840000,4220000,2220000,NA,975000,NA,6566666.666666667,29.333333333333332,27.142857142857142,30.2,27.6,27,NA,27.5,NA,25,1500000,27,1300000,1200000,NA,26.666666666666668,27,NA,2000000,32,NA,NA,NA,NA
Bosnia and Herzegovina,2023,2550000,3715000,4625000,4566666.666666667,950000,NA,450000,NA,12500000,26.75,27.7,30.125,29.333333333333332,30.5,NA,28.333333333333332,NA,22.5,NA,NA,1730000,750000,NA,27.2,28,NA,400000,33,NA,NA,NA,NA
Bosnia and Herzegovina,2024,2178571.4285714286,4245454.545454546,4983333.333333333,2000000,1400000,NA,2000000,NA,8000000,25.857142857142858,26.818181818181817,28.833333333333332,29.5,30,NA,22,NA,23.5,2000000,20.5,1550000,750000,NA,27,29,NA,NA,NA,NA,NA,NA,NA
Bosnia and Herzegovina,2025,2075000,3012500,7640000,2666666.6666666665,1250000,NA,900000,NA,6866666.666666667,24.166666666666668,27,27.8,27,26.5,NA,25,NA,21.666666666666668,2100000,20,2000000,700000,NA,30,27,NA,600000,23,NA,NA,NA,NA
Hungary,2018,637500,2631818.1818181816,1683333.3333333333,1166666.6666666667,3537500,NA,990000,NA,1440000,28.75,27.818181818181817,29.5,28.333333333333332,28.75,NA,24.2,NA,26,900000,29,2628571.4285714286,437500,NA,25.857142857142858,27,NA,NA,NA,NA,NA,NA,NA
Hungary,2019,708333.3333333334,3175000,756250,1075000,3700000,NA,675000,NA,1312500,28.666666666666668,26.714285714285715,30.25,24.5,29.333333333333332,NA,25,NA,26.25,725000,30,3033333.3333333335,350000,NA,26.166666666666668,29,NA,NA,NA,NA,NA,NA,NA
Hungary,2020,812500,6200000,700000,2000000,4162500,NA,1650000,NA,2664285.714285714,27.75,26,29.333333333333332,26,31,NA,27,NA,27.285714285714285,316666.6666666667,29,8966666.666666666,600000,NA,26,27,NA,NA,NA,NA,NA,NA,NA
Hungary,2021,862500,2214285.714285714,850000,2000000,2790000,NA,940000,NA,1566666.6666666667,25.75,24.285714285714285,30.333333333333332,25,29.2,NA,22.8,NA,26.833333333333332,425000,28,6850000,375000,NA,25.5,26.5,NA,NA,NA,NA,NA,NA,NA
Hungary,2022,2400000,4383333.333333333,1250000,1133333.3333333333,2175000,NA,1812500,NA,3040000,27,27,24,23.666666666666668,30.5,NA,23.25,NA,28.4,800000,24,14512500,6366666.666666667,NA,28.5,24,NA,NA,NA,NA,NA,NA,NA
Hungary,2023,643750,4595833.333333333,1200000,1400000,2010000,NA,200000,NA,3720000,24.75,24.5,25.333333333333332,23.5,28,NA,22,NA,27.8,NA,NA,10850000,2825000,NA,24,25.25,NA,NA,NA,NA,NA,NA,NA
Hungary,2024,3000000,2200000,925000,950000,1150000,NA,966666.6666666666,NA,2450000,24.5,26.25,26.5,27.5,31.4,NA,23,NA,30.166666666666668,600000,26,21825000,12387500,NA,26.75,26.25,NA,NA,NA,NA,NA,NA,NA
Hungary,2025,1550000,3250000,800000,750000,1390000,NA,1500000,NA,3075000,23.8,25,25.666666666666668,25,31,NA,24,NA,29.666666666666668,350000,21,30000000,10666666.666666666,NA,23.333333333333332,25.333333333333332,NA,NA,NA,NA,NA,NA,NA
Moldova,2018,1337500,490625,443750,375000,465000,NA,275000,NA,208333.33333333334,28.5,27.25,21.5,28.285714285714285,29.8,NA,26.333333333333332,NA,25.333333333333332,312500,26.5,316666.6666666667,462500,NA,28,24.5,NA,NA,NA,NA,NA,NA,NA
Moldova,2019,825000,303125,400000,360000,350000,75000,287500,NA,208333.33333333334,26.285714285714285,25.125,24.428571428571427,25,26.166666666666668,21,27,NA,24.666666666666668,275000,24.5,275000,262500,NA,28.5,23.5,NA,NA,NA,NA,NA,NA,NA
Moldova,2020,525000,220833.33333333334,395000,337500,380000,NA,212500,NA,258333.33333333334,28.428571428571427,28.583333333333332,24.4,28,29.8,NA,23.5,NA,26.666666666666668,NA,NA,233333.33333333334,1000000,NA,28.666666666666668,25.666666666666668,NA,NA,NA,NA,NA,NA,NA
Moldova,2021,517857.14285714284,350000,390000,355000,378571.4285714286,200000,212500,NA,212500,24.285714285714285,29.428571428571427,23.2,28.4,27.428571428571427,23.5,23,NA,23.75,250000,26.5,350000,900000,NA,26.5,25,NA,NA,NA,NA,NA,NA,NA
Moldova,2022,425000,185000,662500,250000,210000,350000,241666.66666666666,NA,300000,27.375,27.3,24.25,25,29.8,22,24.333333333333332,NA,27,275000,29.5,293750,1508333.3333333333,NA,25.75,27.666666666666668,NA,NA,NA,NA,NA,NA,NA
Moldova,2023,543750,253571.42857142858,425000,250000,165000,300000,400000,NA,300000,27,26.857142857142858,23.5,24,27,21,22,NA,26,300000,24,258333.33333333334,1441666.6666666667,NA,21.666666666666668,27,NA,NA,NA,NA,NA,NA,NA
Moldova,2024,285714.28571428574,367857.14285714284,950000,250000,358333.3333333333,300000,262500,NA,200000,29.428571428571427,26.857142857142858,25.666666666666668,27,29.666666666666668,24,23.5,NA,25,150000,27,306250,1550000,NA,25,29.666666666666668,NA,NA,NA,NA,NA,NA,NA
Moldova,2025,400000,327777.77777777775,706250,250000,316666.6666666667,NA,341666.6666666667,NA,325000,29,25.22222222222222,25.5,26,27.666666666666668,NA,21,NA,23,150000,22.333333333333332,462500,2125000,NA,22.5,29.5,NA,NA,NA,NA,NA,NA,NA
Jordan,2018,100000,316666.6666666667,100000,100000,100000,NA,275000,NA,112500,25.666666666666668,27.333333333333332,24,30,34.333333333333336,NA,27.5,NA,24.5,100000,25,200000,100000,NA,25.666666666666668,30,NA,NA,NA,NA,NA,NA,NA
Jordan,2019,100000,262500,100000,275000,183333.33333333334,NA,291666.6666666667,NA,NA,29.5,29.5,29,33,36.666666666666664,NA,27.333333333333332,NA,NA,850000,22.5,100000,100000,NA,27,32,NA,NA,NA,NA,NA,NA,NA
Jordan,2020,100000,200000,NA,NA,250000,NA,550000,NA,NA,28,27,NA,NA,37,NA,30,NA,NA,2000000,22,100000,NA,NA,25,NA,NA,400000,33,NA,NA,NA,NA
Jordan,2021,316666.6666666667,275000,240000,206250,153571.42857142858,NA,320000,NA,375000,25,27.11111111111111,25.2,26.25,30.571428571428573,NA,29.6,NA,28,591666.6666666666,24.333333333333332,308333.3333333333,225000,NA,28.666666666666668,31.666666666666668,NA,300000,36,NA,NA,NA,NA
Jordan,2022,237500,310714.28571428574,316666.6666666667,262500,151666.66666666666,NA,275000,NA,275000,25.75,27.142857142857142,24.333333333333332,31.5,26,NA,25,NA,27,390000,26,300000,262500,NA,28.5,30,NA,NA,NA,NA,NA,NA,NA
Jordan,2023,350000,252777.77777777778,850000,387500,225000,NA,383333.3333333333,NA,375000,27.5,28.22222222222222,27.333333333333332,28.5,27.8,NA,26.333333333333332,NA,30,4175000,26.5,350000,216666.66666666666,NA,31,28.666666666666668,NA,NA,NA,NA,NA,NA,NA
Jordan,2024,308333.3333333333,178571.42857142858,340000,237500,181250,NA,350000,NA,375000,26.333333333333332,27.571428571428573,24.8,27,26.25,NA,29,NA,29.5,1668750,24.75,325000,191666.66666666666,NA,27,27.666666666666668,NA,NA,NA,NA,NA,NA,NA
Jordan,2025,400000,292857.14285714284,687500,500000,275000,NA,425000,NA,212500,27.333333333333332,25.857142857142858,23,25,28.666666666666668,NA,30,NA,27.5,1700000,26,NA,350000,NA,NA,25,NA,NA,NA,NA,NA,NA,NA
Kenya,2018,NA,156250,325000,6475000,NA,200000,306250,NA,NA,NA,24.75,27.5,27.25,NA,21,24.5,NA,NA,NA,NA,NA,200000,NA,NA,25,NA,NA,NA,NA,NA,NA,NA
Kenya,2019,NA,175000,366666.6666666667,2350000,100000,150000,231250,NA,100000,NA,25.5,24.333333333333332,28.666666666666668,29.5,23,24.5,NA,23.5,NA,NA,50000,250000,NA,25,31,NA,NA,NA,NA,NA,NA,NA
Kenya,2020,100000,225000,75000,4200000,50000,150000,425000,NA,NA,20,24.25,22.5,28.333333333333332,19,23,26,NA,NA,NA,NA,NA,NA,NA,NA,NA,NA,NA,NA,NA,NA,NA,NA
Kenya,2021,166666.66666666666,466666.6666666667,391666.6666666667,175000,NA,100000,250000,NA,NA,21.333333333333332,25,25.666666666666668,24.5,NA,24,26,NA,NA,NA,NA,50000,400000,NA,25,28,NA,NA,NA,NA,NA,NA,NA
Kenya,2023,250000,2220000,3133333.3333333335,275000,NA,700000,275000,NA,NA,24,25.2,28,25.333333333333332,NA,25,30,NA,NA,NA,NA,NA,NA,NA,NA,NA,NA,NA,NA,NA,NA,NA,NA
Kenya,2024,275000,2662500,3216666.6666666665,208333.33333333334,NA,1500000,200000,NA,NA,24.5,24,26.666666666666668,24.666666666666668,NA,27,30,NA,NA,125000,23,NA,NA,NA,NA,NA,NA,NA,NA,NA,NA,NA,NA
Kenya,2025,237500,512500,2866666.6666666665,1141666.6666666667,NA,500000,500000,NA,NA,23.5,25.666666666666668,28.333333333333332,25.666666666666668,NA,26,30,NA,NA,75000,22.5,NA,NA,NA,NA,NA,NA,NA,NA,NA,NA,NA,NA
Uzbekistan,2018,1056250,328125,725000,460000,234375,NA,458333.3333333333,NA,360000,23.375,24.625,24.375,25.4,25.5,NA,24.666666666666668,NA,26.2,550000,22.285714285714285,1000000,1412500,NA,28.5,26.25,NA,NA,NA,NA,NA,NA,NA
Uzbekistan,2019,865625,555000,2012500,418750,346875,NA,781250,NA,443750,24.875,28.2,28.5,29,28.875,NA,23.25,NA,28.25,658333.3333333334,25,491666.6666666667,633333.3333333334,NA,27.333333333333332,27.666666666666668,NA,NA,NA,NA,NA,NA,NA
Uzbekistan,2020,785714.2857142857,581250,1484375,500000,389285.71428571426,NA,733333.3333333334,NA,600000,23,26.5,25.375,26,23.285714285714285,NA,22,NA,25.5,437500,22,550000,900000,NA,22.4,29,NA,NA,NA,NA,NA,NA,NA
Uzbekistan,2021,1081250,500000,1785714.2857142857,575000,450000,NA,1080000,NA,500000,25.75,26.555555555555557,25.428571428571427,26.25,28.142857142857142,NA,23.4,NA,27,495833.3333333333,25.5,566666.6666666666,666666.6666666666,NA,26.666666666666668,28,NA,150000,34,NA,NA,NA,NA
Uzbekistan,2022,1316666.6666666667,483333.3333333333,3040000,725000,366666.6666666667,NA,895833.3333333334,NA,416666.6666666667,24.833333333333332,23.333333333333332,25,24.5,25.333333333333332,NA,22.5,NA,22,900000,25,NA,700000,NA,NA,24.333333333333332,NA,NA,NA,NA,NA,NA,NA
Uzbekistan,2023,1433333.3333333333,943750,1925000,916666.6666666666,450000,NA,1733333.3333333333,NA,616666.6666666666,27.166666666666668,24.625,28.25,27,27.8,NA,25.333333333333332,NA,24.666666666666668,3250000,23.5,825000,733333.3333333334,NA,25.5,27,NA,NA,NA,NA,NA,NA,NA
Uzbekistan,2024,1383333.3333333333,930000,1900000,725000,550000,NA,900000,NA,675000,26.666666666666668,24.6,27.5,25.25,27.333333333333332,NA,24.75,NA,23,4000000,20,800000,525000,NA,25.5,27.25,NA,NA,NA,NA,NA,NA,NA
Uzbekistan,2025,1520000,1620454.5454545454,1250000,850000,687500,NA,1550000,NA,533333.3333333334,27,25.636363636363637,25.8,25.666666666666668,26.75,NA,25.25,NA,24.333333333333332,3066666.6666666665,24,825000,816666.6666666666,NA,26.5,27.333333333333332,NA,NA,NA,400000,30,NA,NA
Nepal,2018,NA,NA,NA,125000,NA,NA,NA,NA,NA,NA,NA,NA,25,NA,NA,NA,NA,NA,NA,NA,NA,NA,NA,NA,NA,NA,NA,NA,NA,NA,NA,NA
Nepal,2019,NA,50000,35000,75000,50000,25000,50000,25000,25000,NA,23.333333333333332,26,26.4,27,29,25,23.666666666666668,28.5,33333.333333333336,23,25000,25000,NA,25,26,NA,25000,24,NA,NA,25000,31
Nepal,2020,NA,50000,25000,108333.33333333333,75000,NA,50000,25000,25000,NA,21,28,26,28,NA,24,28,25,50000,26,NA,25000,NA,NA,19,NA,NA,NA,NA,NA,25000,29
Nepal,2021,50000,112500,58333.333333333336,130000,85000,25000,87500,25000,43750,22,24,29,26.2,26.8,25,27,23,23.5,50000,22.6,75000,83333.33333333333,NA,27,28,NA,50000,22.5,NA,NA,75000,25
Nepal,2022,50000,100000,58333.333333333336,112500,72500,NA,100000,25000,50000,21,24.666666666666668,26.333333333333332,24.5,26.166666666666668,NA,26,30,20.5,41666.666666666664,20,62500,87500,50000,22.5,25.5,28,50000,22,NA,NA,62500,27
Nepal,2023,125000,104166.66666666667,100000,166666.66666666666,100000,NA,125000,NA,100000,21.25,24.833333333333332,25.8,29,28.75,NA,24.666666666666668,NA,26,100000,21.666666666666668,100000,NA,NA,21,NA,NA,NA,NA,NA,NA,NA,NA
Nepal,2024,125000,75000,75000,133333.33333333334,75000,NA,125000,NA,125000,22.666666666666668,27.5,29.5,28,31,NA,27,NA,24,100000,22,NA,NA,NA,NA,NA,NA,NA,NA,NA,NA,NA,NA
Nepal,2025,125000,100000,75000,141666.66666666666,68750,NA,150000,NA,125000,22,24,25.666666666666668,27.333333333333332,28,NA,26,NA,24,91666.66666666667,22,62500,NA,NA,23,NA,NA,NA,NA,NA,NA,NA,NA
Maldives,2019,NA,41666.666666666664,50000,50000,31250,NA,25000,25000,50000,NA,25,29,26.25,26.5,NA,31,19,24,25000,25,33333.333333333336,37500,25000,25.333333333333332,24,22.5,25000,19,NA,NA,25000,23.333333333333332
Maldives,2021,50000,66666.66666666667,50000,66666.66666666667,65000,NA,50000,17500,75000,33,27,31,29.5,25.8,NA,33,24,27.5,25000,24,75000,75000,25000,28.75,27.5,30,NA,NA,NA,NA,25000,26.666666666666668
Maldives,2022,NA,66666.66666666667,58333.333333333336,81250,50000,NA,75000,25000,125000,NA,27,30.666666666666668,27.5,24.666666666666668,NA,33,20,25,37500,24.5,100000,75000,NA,28.5,27.5,NA,NA,NA,NA,NA,25000,27
Maldives,2023,75000,75000,50000,137500,75000,NA,100000,37500,50000,21,25.6,33,28,26.5,NA,35,24,28,100000,26,75000,66666.66666666667,NA,29.333333333333332,29,NA,NA,NA,NA,NA,62500,27.5
Maldives,2024,75000,75000,50000,125000,75000,NA,75000,25000,75000,22,29,29,30,28.5,NA,36,25,29,62500,28.5,58333.333333333336,50000,NA,30.333333333333332,28.5,NA,NA,NA,NA,NA,50000,28.5
Maldives,2025,75000,66666.66666666667,50000,137500,75000,NA,100000,37500,50000,21,30,28,28,28,NA,36,24,28,100000,26,75000,66666.66666666667,NA,30.333333333333332,30,NA,NA,NA,NA,NA,62500,28
Albania,2018,1400000,1260000,850000,778571.4285714285,5906250,750000,437500,NA,23000000,24.75,25.4,25.166666666666668,27.857142857142858,26.75,31,23.25,NA,25,731250,23.75,NA,362500,NA,NA,28.5,NA,NA,NA,NA,NA,NA,NA
Albania,2019,1416666.6666666667,3892500,675000,878571.4285714285,5800000,NA,800000,NA,6900000,26,25.9,26.6,27.571428571428573,27.5,NA,25,NA,27,833333.3333333334,25.666666666666668,475000,416666.6666666667,NA,25,27.333333333333332,NA,NA,NA,NA,NA,NA,NA
Albania,2020,931250,7407142.857142857,842857.1428571428,650000,3435000,NA,3000000,NA,6925000,25.75,25.714285714285715,25.571428571428573,26.2,26.6,NA,26,NA,25.5,600000,30,750000,316666.6666666667,NA,23.5,28.333333333333332,NA,NA,NA,NA,NA,NA,NA
Albania,2021,1216666.6666666667,6275000,616666.6666666666,743750,4705000,NA,1800000,NA,5266666.666666667,27,25.5,25,26.5,24.6,NA,25,NA,25.666666666666668,1000000,29,1206250,343750,NA,21.5,25.25,NA,NA,NA,NA,NA,NA,NA
Albania,2022,1120000,1856666.6666666667,3850000,2508333.3333333335,809375,200000,3208333.3333333335,NA,1995000,25.2,26.333333333333332,25.88888888888889,27.166666666666668,25.25,26,24.666666666666668,NA,26.4,287500,29,2387500,341666.6666666667,NA,23.666666666666668,27,NA,NA,NA,NA,NA,NA,NA
Albania,2023,2650000,4012500,605000,3010000,1800000,NA,3125000,NA,2616666.6666666665,25.5,26.5,26.8,26.8,27.5,NA,25,NA,27,450000,27.333333333333332,3333333.3333333335,800000,NA,21.666666666666668,26,NA,NA,NA,NA,NA,NA,NA
Albania,2024,2500000,2988888.888888889,4300000,2775000,960000,NA,3500000,NA,1066666.6666666667,25.666666666666668,28.22222222222222,27.333333333333332,27.333333333333332,28.2,NA,27,NA,30,2300000,28,4433333.333333333,5500000,NA,25,21,NA,NA,NA,NA,NA,NA,NA
Albania,2025,4400000,2572222.222222222,5280000,4140000,1140000,NA,3750000,NA,1350000,26,27.77777777777778,25.8,26.2,27.2,NA,29,NA,33,1800000,31,5000000,5500000,NA,26.666666666666668,22,NA,NA,NA,NA,NA,NA,NA
Faroe Islands,2018,275000,150000,275000,100000,112500,100000,100000,NA,75000,26.25,28,25.6,26,28.75,22,28,NA,29.5,150000,27,62500,191666.66666666666,NA,28,26.333333333333332,NA,NA,NA,NA,NA,NA,NA
Faroe Islands,2019,333333.3333333333,181250,341666.6666666667,NA,75000,100000,100000,NA,NA,24.666666666666668,29.5,25.333333333333332,NA,28,21,27,NA,NA,25000,26,25000,200000,NA,23,25.5,NA,NA,NA,NA,NA,NA,NA
Faroe Islands,2020,400000,164285.7142857143,220000,100000,87500,150000,125000,NA,87500,26.5,27.857142857142858,27.8,23.666666666666668,31.25,24,26,NA,23.5,NA,NA,108333.33333333333,141666.66666666666,NA,28,25.666666666666668,NA,NA,NA,NA,NA,NA,NA
Faroe Islands,2021,316666.6666666667,136111.11111111112,195833.33333333334,91666.66666666667,81250,87500,100000,NA,50000,26.666666666666668,26.77777777777778,27,25.333333333333332,29.25,25,29,NA,23,50000,21,83333.33333333333,112500,NA,27.666666666666668,26.5,NA,NA,NA,NA,NA,NA,NA
Faroe Islands,2022,150000,133333.33333333334,181250,133333.33333333334,75000,250000,100000,NA,75000,26,28.11111111111111,28.5,24.666666666666668,28.8,26,28,NA,24.666666666666668,50000,24,108333.33333333333,175000,NA,28.666666666666668,25.5,NA,NA,NA,100000,25,NA,NA
Faroe Islands,2023,143750,138888.88888888888,170000,87500,62500,300000,150000,NA,125000,25,28.555555555555557,29,22,24,25,24,NA,25,50000,23,116666.66666666667,150000,NA,28.333333333333332,27.75,NA,NA,NA,100000,24,NA,NA
Faroe Islands,2024,155000,161111.11111111112,155000,100000,125000,225000,500000,NA,183333.33333333334,28,27.333333333333332,31.4,23.5,26.2,25,26,NA,26.333333333333332,175000,24,100000,133333.33333333334,NA,30.666666666666668,30,NA,NA,NA,75000,27,NA,NA
Faroe Islands,2025,187500,195833.33333333334,187500,212500,143750,200000,500000,NA,183333.33333333334,28.75,26,30.25,24,23.5,24.5,26,NA,25.666666666666668,250000,26.5,75000,150000,NA,29,26.666666666666668,NA,NA,NA,NA,NA,NA,NA
Kosovo,2018,2533333.3333333335,775000,1333333.3333333333,1140000,510000,2750000,2650000,NA,483333.3333333333,26.666666666666668,24.25,25.666666666666668,23.8,24.8,27,24.75,NA,22.666666666666668,10750000,21.5,2800000,900000,NA,23,24,NA,1000000,20,NA,NA,NA,NA
Kosovo,2019,1566666.6666666667,2580000,2737500,2300000,758333.3333333334,1600000,1987500,NA,2000000,28.333333333333332,24,25.75,25,25,28,25.25,NA,25,14650000,22.5,2237500,800000,NA,24,25,NA,2800000,23,NA,NA,NA,NA
Kosovo,2020,941666.6666666666,2695833.3333333335,1762500,831250,500000,700000,1510714.2857142857,NA,1431250,26.166666666666668,26.166666666666668,26,24.75,25,29,24.571428571428573,NA,24.5,3791666.6666666665,23.333333333333332,918750,800000,NA,23.25,26,NA,2500000,24,NA,NA,NA,NA
Kosovo,2021,1200000,2142857.1428571427,2493750,1375000,662500,1250000,1700000,NA,1185000,24.666666666666668,24.857142857142858,25,23.75,25.25,28,24.833333333333332,NA,24.6,4080000,21.8,990000,800000,NA,23.2,26,NA,1916666.6666666667,22.666666666666668,NA,NA,NA,NA
Kosovo,2022,975000,3361111.111111111,5333333.333333333,450000,3175000,300000,2210000,NA,2175000,25.75,25.444444444444443,25,24.5,26.75,31,26.2,NA,26,4850000,25,962500,NA,NA,25.25,NA,NA,1425000,25,NA,NA,NA,NA
Kosovo,2023,733333.3333333334,2425000,5416666.666666667,425000,2525000,NA,1728571.4285714286,NA,1625000,27,26,25.333333333333332,28,26.333333333333332,NA,27.714285714285715,NA,27,7800000,25.6,1150000,1500000,NA,26.5,29,NA,1125000,26,NA,NA,NA,NA
Kosovo,2024,1700000,2278571.4285714286,3135714.285714286,1150000,1470833.3333333333,NA,1380000,NA,3000000,29,26.714285714285715,24.428571428571427,22,28,NA,28.6,NA,30,8600000,25.5,1083333.3333333333,1500000,NA,27.333333333333332,30,NA,1700000,27.333333333333332,NA,NA,NA,NA
Kosovo,2025,1280000,4205555.555555556,10625000,7687500,2518750,2500000,1616666.6666666667,NA,3000000,27.2,26.444444444444443,26.25,23.5,29,21,24.666666666666668,NA,31,4937500,27,1200000,1000000,NA,28,31,NA,1233333.3333333333,28.333333333333332,NA,NA,NA,NA
Bahrain,2018,125000,87500,266666.6666666667,25000,100000,NA,50000,NA,25000,28,29.5,28.666666666666668,21,28,NA,21,NA,21,NA,NA,137500,NA,NA,30,NA,NA,NA,NA,NA,NA,NA,NA
Bahrain,2019,125000,100000,283333.3333333333,25000,100000,NA,50000,NA,NA,29,29,29,22,30,NA,22,NA,NA,NA,NA,200000,150000,NA,30,30,NA,NA,NA,NA,NA,NA,NA
Bahrain,2020,NA,100000,NA,25000,NA,NA,50000,NA,NA,NA,28,NA,22,NA,NA,21,NA,NA,NA,NA,125000,150000,NA,29,30,NA,NA,NA,NA,NA,NA,NA
Bahrain,2021,356250,391666.6666666667,300000,250000,170000,NA,412500,NA,166666.66666666666,27.75,27.333333333333332,30.666666666666668,26.666666666666668,29,NA,26.5,NA,31,500000,26,550000,200000,NA,30,31.333333333333332,NA,NA,NA,NA,NA,NA,NA
Bahrain,2022,305000,362500,350000,266666.6666666667,156250,NA,375000,NA,287500,27.2,28,29,29.666666666666668,32,NA,26,NA,27,1500000,27,425000,181250,NA,31,30.25,NA,NA,NA,NA,NA,NA,NA
Bahrain,2023,280000,296428.5714285714,243750,237500,235000,NA,350000,NA,325000,28.2,28.285714285714285,30.25,28.333333333333332,32,NA,27,NA,26,1150000,25.666666666666668,331250,250000,NA,27.25,24.5,NA,NA,NA,NA,NA,NA,NA
Bahrain,2024,241666.66666666666,308333.3333333333,207142.85714285713,287500,212500,NA,366666.6666666667,NA,266666.6666666667,25.666666666666668,30,31.428571428571427,29,32.5,NA,28,NA,25,1075000,27,350000,275000,NA,33,25.5,NA,NA,NA,NA,NA,NA,NA
Bahrain,2025,375000,350000,175000,175000,256250,NA,375000,NA,287500,30,29.6,29.571428571428573,36,32,NA,27,NA,26,1425000,26.5,387500,237500,NA,32,25,NA,NA,NA,NA,NA,NA,NA
Wales,2018,9666666.666666666,7321428.571428572,2266666.6666666665,5750000,2820000,NA,9000000,NA,1950000,29.333333333333332,26,27.666666666666668,18.5,27,NA,18,NA,26.8,19125000,23.833333333333332,3500000,2900000,NA,22,25.5,NA,NA,NA,4000000,20,NA,NA
Wales,2019,8668750,5050000,2200000,3500000,2331250,NA,8000000,NA,2075000,25.75,26.333333333333332,28.5,21.666666666666668,28,NA,19,NA,27,19280000,24.2,2587500,2983333.3333333335,NA,23.75,28,NA,NA,NA,3600000,21,NA,NA
Wales,2020,4950000,6866666.666666667,3250000,4725000,1630000,NA,4000000,NA,2650000,25.333333333333332,24.833333333333332,30,23,30,NA,20,NA,28,13880000,24.2,2266666.6666666665,4750000,NA,25,21,NA,NA,NA,6000000,22,NA,NA
Wales,2021,7825000,6933333.333333333,2600000,3150000,2300000,NA,8000000,NA,2475000,26.666666666666668,24.5,29.5,22.75,28.25,NA,20,NA,28,17000000,25,3366666.6666666665,5250000,NA,24.666666666666668,20,NA,NA,NA,3600000,21,NA,NA
Wales,2022,1800000,7691666.666666667,2400000,2737500,1768750,NA,4000000,NA,4100000,26.25,25.333333333333332,27,25,31,NA,23,NA,30,22000000,24.333333333333332,683333.3333333334,11500000,NA,22.666666666666668,23,NA,1200000,28,3000000,24,NA,NA
Wales,2023,1460000,5182142.857142857,1300000,8187500,687500,NA,4066666.6666666665,NA,3900000,25,26.285714285714285,31,25,32,NA,24.666666666666668,NA,25.5,21750000,25.5,1733333.3333333333,5262500,NA,22.666666666666668,25,NA,1500000,29,NA,NA,NA,NA
Wales,2024,2010000,5287500,900000,10075000,420000,NA,2875000,NA,2500000,28.2,26,29,21.5,33.2,NA,24,NA,25.5,20750000,26.5,2466666.6666666665,5580000,NA,24.666666666666668,26,NA,2000000,30,NA,NA,NA,NA
Wales,2025,4266666.666666667,6740000,1150000,12575000,362500,NA,4460000,NA,1750000,23.666666666666668,27,30,22.5,33,NA,24.8,NA,24.5,21500000,27.5,1575000,11066666.666666666,NA,26,26.666666666666668,NA,NA,NA,NA,NA,NA,NA
Greece,2018,1950000,7369230.769230769,3437500,3375000,3500000,NA,2750000,NA,1100000,24.75,26.307692307692307,27.5,29.25,27.6,NA,23.5,NA,31,1562500,26.75,4875000,3000000,NA,26,23.8,NA,NA,NA,NA,NA,NA,NA
Greece,2019,1650000,10607142.857142856,3087500,2666666.6666666665,2625000,NA,1866666.6666666667,NA,730000,24.25,26.714285714285715,23.5,26,25.5,NA,23.666666666666668,NA,26,2250000,24,4125000,1480000,NA,25.75,23.8,NA,NA,NA,NA,NA,NA,NA
Greece,2020,3250000,1825000,2066666.6666666667,2250000,4325000,NA,6666666.666666667,NA,650000,30,27.333333333333332,24.333333333333332,27,28.25,NA,23.333333333333332,NA,26.666666666666668,2000000,23,6500000,4640000,NA,28,25.8,NA,NA,NA,3000000,25,NA,NA
Greece,2021,1550000,1488888.888888889,1450000,2300000,3880000,NA,3500000,NA,700000,24.8,24.88888888888889,23,26,27.4,NA,22,NA,25.25,4000000,22,5000000,4600000,NA,27.75,25,NA,NA,NA,3000000,25,NA,NA
Belarus,2018,1100000,1105555.5555555555,500000,712500,541666.6666666666,NA,700000,NA,512500,30,27.77777777777778,27.2,29,28.333333333333332,NA,31.5,NA,31.25,1500000,24,350000,800000,NA,33.333333333333336,28.5,NA,800000,26,NA,NA,NA,NA
Belarus,2019,505000,790000,445833.3333333333,612500,368750,NA,491666.6666666667,NA,241666.66666666666,26,29.3,27.166666666666668,28.5,28.625,NA,28.666666666666668,NA,32.666666666666664,1100000,27.5,250000,425000,NA,28,25,NA,562500,25,NA,NA,NA,NA
Belarus,2020,540000,446153.8461538461,825000,500000,410000,NA,425000,NA,330000,25.2,28.153846153846153,26.75,29.4,28.2,NA,27.75,NA,28.6,NA,NA,500000,400000,NA,24,28.333333333333332,NA,500000,28,NA,NA,NA,NA
Belarus,2021,420833.3333333333,357692.3076923077,575000,520000,285714.28571428574,250000,425000,NA,366666.6666666667,22.666666666666668,27.76923076923077,26.5,28.6,28.142857142857142,26,25,NA,23.666666666666668,900000,26,100000,330000,NA,22,26.8,NA,300000,22,NA,NA,NA,NA
Belarus,2022,660000,400000,350000,716666.6666666666,333333.3333333333,NA,500000,NA,566666.6666666666,25,28.5,28,24.666666666666668,27.5,NA,24,NA,26.333333333333332,800000,28,850000,625000,NA,26,24.5,NA,500000,25.5,NA,NA,NA,NA
Belarus,2023,640000,344444.44444444444,478571.4285714286,580000,271428.5714285714,NA,600000,NA,566666.6666666666,25,26.333333333333332,26.571428571428573,25.8,24.571428571428573,NA,23.666666666666668,NA,25.333333333333332,800000,28,850000,675000,NA,25,24,NA,350000,29,NA,NA,NA,NA
Belarus,2024,562500,355555.55555555556,450000,460000,537500,NA,425000,NA,575000,27,28.88888888888889,24.9,28.6,27.25,NA,25.5,NA,26.75,500000,30,733333.3333333334,410000,NA,23.333333333333332,25.4,NA,450000,32,NA,NA,NA,NA
Belarus,2025,391666.6666666667,279545.45454545453,460714.28571428574,500000,410000,50000,293750,NA,416666.6666666667,23.666666666666668,26.363636363636363,23,26.5,26,19,22.75,NA,28,275000,22,512500,433333.3333333333,NA,22.5,25,NA,550000,28.5,NA,NA,NA,NA
Singapore,2018,50000,75000,65000,62500,116666.66666666667,25000,56250,NA,50000,22,26.375,27.4,26.25,30,21,23.5,NA,22.5,50000,27,50000,100000,NA,21,25,NA,NA,NA,NA,NA,NA,NA
Singapore,2019,81250,154166.66666666666,87500,100000,75000,NA,80000,NA,71428.57142857143,27.25,29,29,28.5,29.4,NA,25,NA,25.714285714285715,100000,27.5,100000,225000,NA,25.5,27,NA,NA,NA,NA,NA,NA,NA
Singapore,2021,116666.66666666667,158333.33333333334,91666.66666666667,100000,80000,50000,108333.33333333333,NA,60000,23.333333333333332,28.833333333333332,23.333333333333332,26.75,30,30,28.333333333333332,NA,26.2,91666.66666666667,25.666666666666668,75000,150000,NA,24,23.5,NA,NA,NA,NA,NA,NA,NA
Singapore,2022,91666.66666666667,165000,100000,116666.66666666667,65000,NA,100000,NA,62500,24.333333333333332,25.6,24.333333333333332,30,30.8,NA,26.75,NA,26.166666666666668,87500,26.25,62500,116666.66666666667,NA,27,26,NA,NA,NA,NA,NA,NA,NA
Singapore,2023,100000,210000,275000,93750,70000,NA,80000,NA,64285.71428571428,24.857142857142858,27.6,21.5,28.75,31,NA,28,NA,26.428571428571427,66666.66666666667,24,66666.66666666667,68750,NA,26,26.25,NA,NA,NA,NA,NA,NA,NA
Singapore,2024,195000,118750,168750,70000,58333.333333333336,NA,133333.33333333334,NA,84375,27,26.5,24,29.6,32.333333333333336,NA,29.333333333333332,NA,28,91666.66666666667,26.333333333333332,100000,100000,NA,25,29.333333333333332,NA,NA,NA,NA,NA,NA,NA
Singapore,2025,170000,139285.7142857143,130000,112500,75000,NA,150000,NA,100000,26.6,27,22.6,23,32,NA,29,NA,25.5,75000,23.666666666666668,100000,75000,NA,24,32,NA,NA,NA,NA,NA,NA,NA
Norway,2018,3100000,1333333.3333333333,5900000,11000000,1575000,NA,NA,NA,3075000,25,27.666666666666668,27.166666666666668,24.666666666666668,29.25,NA,NA,NA,27,NA,NA,8500000,1500000,NA,22,24,NA,NA,NA,15000000,24,NA,NA
Norway,2019,3466666.6666666665,1034375,17425000,6040000,750000,NA,NA,NA,3333333.3333333335,25.666666666666668,27.875,26.833333333333332,25.8,28.666666666666668,NA,NA,NA,27.666666666666668,NA,NA,45000000,1200000,NA,21,25,NA,NA,NA,9500000,25,NA,NA
Norway,2020,3450000,1830000,31640000,6920000,633333.3333333334,NA,9500000,NA,2640000,24.8,27.6,24.4,24.4,29.666666666666668,NA,21,NA,26.8,NA,NA,20600000,1950000,NA,24,27.5,NA,NA,NA,12000000,26,NA,NA
Norway,2021,3333333.3333333335,1512500,16975000,7150000,750000,NA,5287500,NA,1825000,24.333333333333332,25.625,25.125,23.5,29.333333333333332,NA,21.5,NA,24.75,400000,22,23050000,1600000,NA,24,24,NA,800000,22,9500000,26,NA,NA
Norway,2022,8200000,4885714.285714285,30771428.57142857,8875000,775000,NA,2500000,NA,6966666.666666667,25.8,27.857142857142858,26.428571428571427,24.5,28.5,NA,23,NA,26,3500000,24,47250000,3250000,NA,26.5,26,NA,NA,NA,9000000,28,NA,NA
Norway,2023,5328571.428571428,5133333.333333333,38900000,10000000,630000,NA,2666666.6666666665,NA,4466666.666666667,24.142857142857142,25.5,24.2,24.5,27,NA,20.333333333333332,NA,24.333333333333332,3500000,24,60000000,2833333.3333333335,NA,24,24,NA,1800000,24,12000000,28,NA,NA
Norway,2024,4800000,5300000,59625000,15500000,1050000,NA,15666666.666666666,NA,8333333.333333333,26.2,26.555555555555557,25.75,27,29.5,NA,22,NA,25,20000000,20,85000000,5750000,NA,26,24.5,NA,4000000,27,5000000,30,NA,NA
Norway,2025,6400000,4644444.444444444,51700000,12500000,1350000,NA,11125000,NA,8666666.666666666,24.2,24.88888888888889,24.8,26.5,28,NA,21.25,NA,25,25000000,21,55500000,3500000,NA,24,24,NA,4000000,26,NA,NA,NA,NA
Bulgaria,2018,1500000,635714.2857142857,500000,1275000,511666.6666666667,NA,375000,NA,683333.3333333334,26,29.571428571428573,27.5,26.25,30.333333333333332,NA,28.5,NA,30.333333333333332,1270000,26.8,1275000,1383333.3333333333,NA,26.333333333333332,24.666666666666668,NA,NA,NA,NA,NA,NA,NA
Bulgaria,2019,475000,459090.9090909091,365000,725000,478571.4285714286,NA,300000,NA,500000,27,28.636363636363637,28.8,28,30.285714285714285,NA,28,NA,26.25,1003125,28.75,1117857.142857143,1333333.3333333333,NA,26.857142857142858,27.666666666666668,NA,NA,NA,NA,NA,NA,NA
Bulgaria,2020,600000,504166.6666666667,475000,1012500,471428.5714285714,NA,350000,NA,750000,25,26.416666666666668,32,27.75,28.285714285714285,NA,22.5,NA,27.2,916666.6666666666,27,916666.6666666666,950000,NA,23.333333333333332,26.4,NA,NA,NA,NA,NA,NA,NA
Bulgaria,2021,275000,460714.28571428574,450000,707142.8571428572,435714.28571428574,250000,350000,NA,862500,26,24.714285714285715,27.2,26.571428571428573,27.285714285714285,30,28,NA,27.5,1040000,25.4,825000,1800000,NA,23.333333333333332,26,NA,NA,NA,NA,NA,NA,NA
Bulgaria,2022,2150000,483333.3333333333,250000,1060000,987500,NA,700000,NA,833333.3333333334,27,23.77777777777778,28,26.6,25.75,NA,31,NA,25.333333333333332,1725000,25.5,1154545.4545454546,1050000,NA,23.90909090909091,27.25,NA,NA,NA,NA,NA,NA,NA
Bulgaria,2023,1266666.6666666667,460000,300000,1200000,830000,NA,700000,NA,666666.6666666666,24.666666666666668,23.7,26,23.333333333333332,22,NA,30,NA,22,1085714.2857142857,24.428571428571427,885714.2857142857,1625000,NA,21.714285714285715,26.5,NA,NA,NA,NA,NA,NA,NA
Bulgaria,2024,1433333.3333333333,1391666.6666666667,516666.6666666667,1800000,975000,1500000,400000,NA,880000,29,26.166666666666668,30.666666666666668,31,27,25,29.5,NA,25.4,2550000,25.333333333333332,1092857.142857143,600000,NA,26.571428571428573,27,NA,NA,NA,NA,NA,NA,NA
Bulgaria,2025,1450000,733333.3333333334,450000,1966666.6666666667,642857.1428571428,2500000,475000,NA,1033333.3333333334,25.666666666666668,24.166666666666668,27.5,27.333333333333332,26,25,29,NA,25.333333333333332,2250000,25,1183333.3333333333,1350000,NA,25.333333333333332,30,NA,NA,NA,NA,NA,NA,NA
Myanmar,2018,100000,80000,25000,NA,100000,150000,75000,25000,112500,24,21.8,25,NA,23,21,27,27,27,75000,22,166666.66666666666,25000,NA,21.666666666666668,23,NA,NA,NA,25000,24,NA,NA
Myanmar,2019,80000,56250,91666.66666666667,25000,50000,NA,100000,NA,62500,27.2,25.75,25,30,28,NA,27,NA,28.5,300000,25,216666.66666666666,250000,NA,22.666666666666668,23,NA,NA,NA,NA,NA,NA,NA
Myanmar,2021,87500,83333.33333333333,112500,25000,41666.666666666664,NA,NA,NA,41666.666666666664,24.833333333333332,23.333333333333332,23,30,25.666666666666668,NA,NA,NA,24,175000,21.75,175000,NA,NA,22.5,NA,NA,NA,NA,NA,NA,NA,NA
Myanmar,2022,66666.66666666667,81250,93750,NA,58333.333333333336,NA,NA,NA,75000,23.333333333333332,25.25,24,NA,22.333333333333332,NA,NA,NA,25.75,183333.33333333334,22.333333333333332,137500,250000,NA,23.5,25,NA,NA,NA,NA,NA,NA,NA
Myanmar,2023,125000,125000,91666.66666666667,75000,129166.66666666667,125000,111666.66666666667,NA,108750,24.75,24,24.666666666666668,23,25.833333333333332,26,20.333333333333332,NA,25.75,175000,23.333333333333332,137500,86666.66666666667,NA,23.833333333333332,21.333333333333332,NA,NA,NA,NA,NA,NA,NA
Myanmar,2024,118750,120000,118750,125000,125000,NA,162500,NA,130000,29.25,27.8,27.875,25,26.666666666666668,NA,24.75,NA,26.4,175000,26.5,155000,158333.33333333334,NA,26.6,23.666666666666668,NA,NA,NA,NA,NA,NA,NA
Myanmar,2025,150000,141666.66666666666,91666.66666666667,100000,125000,NA,135000,NA,162500,27,25.833333333333332,26,23,26.25,NA,23.4,NA,25,133333.33333333334,24.666666666666668,166666.66666666666,158333.33333333334,NA,24.666666666666668,23.333333333333332,NA,NA,NA,NA,NA,NA,NA
Burkina Faso,2018,1466666.6666666667,350000,675000,2300000,233333.33333333334,NA,500000,NA,2000000,27,25.4,27.4,26.333333333333332,27.333333333333332,NA,20,NA,25,2437500,24.5,2000000,NA,NA,29,NA,NA,NA,NA,NA,NA,NA,NA
Burkina Faso,2019,825000,2878571.4285714286,1285000,1043750,800000,NA,325000,NA,1150000,26.333333333333332,25.428571428571427,27.8,26.5,23,NA,23,NA,23,2725000,25.5,766666.6666666666,475000,NA,28.666666666666668,25,NA,NA,NA,NA,NA,NA,NA
Burkina Faso,2020,743750,1235000,1283333.3333333333,4500000,1000000,NA,400000,NA,675000,26.75,25,20,31,23,NA,23,NA,22.5,6300000,23.5,908333.3333333334,600000,NA,28.333333333333332,25,NA,NA,NA,NA,NA,NA,NA
Burkina Faso,2021,1162500,6260000,1300000,725000,1800000,NA,912500,NA,2500000,30,26.2,22,26,24,NA,23,NA,23.5,6800000,24.5,766666.6666666666,400000,NA,29.333333333333332,26,NA,NA,NA,NA,NA,NA,NA
Burkina Faso,2022,325000,4813888.888888889,675000,365000,585000,NA,550000,NA,1900000,27.5,25.555555555555557,21.25,23.8,25.4,NA,24,NA,24.5,4430000,22.4,412500,375000,NA,26.25,24,NA,NA,NA,NA,NA,NA,NA
Burkina Faso,2023,150000,6650000,2070000,425000,616666.6666666666,NA,800000,NA,2900000,34,22.8,22.4,24.166666666666668,24.333333333333332,NA,24,NA,25.5,6325000,23.5,400000,300000,NA,25,25,NA,NA,NA,NA,NA,NA,NA
Burkina Faso,2024,50000,9580000,2050000,600000,355000,NA,500000,NA,5350000,35,25.8,23.4,25.166666666666668,24.4,NA,25,NA,26.5,7812500,23.25,375000,200000,NA,26,23,NA,NA,NA,NA,NA,NA,NA
Burkina Faso,2025,100000,11030000,2733333.3333333335,900000,925000,NA,237500,NA,3300000,24,26.8,24.666666666666668,26.4,24.5,NA,24.5,NA,27.5,7850000,23,450000,425000,NA,25.333333333333332,20.5,NA,NA,NA,NA,NA,NA,NA
Mozambique,2018,NA,1325000,225000,50000,NA,NA,300000,NA,NA,NA,26.75,25,25,NA,NA,21,NA,NA,600000,23,275000,200000,NA,34,23,NA,NA,NA,NA,NA,NA,NA
Mozambique,2019,NA,1458333.3333333333,262500,200000,NA,NA,350000,NA,NA,NA,29.333333333333332,27.5,28,NA,NA,23,NA,NA,225000,24.5,125000,2400000,NA,36,26,NA,NA,NA,NA,NA,NA,NA
Mozambique,2020,NA,2400000,312500,150000,NA,NA,450000,NA,25000,NA,31,27,28,NA,NA,23,NA,26,225000,24.5,175000,3000000,NA,36,25,NA,NA,NA,NA,NA,NA,NA
Mozambique,2021,NA,283333.3333333333,75000,300000,NA,NA,237500,NA,25000,NA,29,29.5,30,NA,NA,23.5,NA,28,466666.6666666667,24.666666666666668,75000,11225000,NA,38,26,NA,NA,NA,NA,NA,NA,NA
Mozambique,2022,NA,566666.6666666666,125000,275000,NA,NA,400000,NA,NA,NA,31,29,30,NA,NA,25,NA,NA,300000,26.5,125000,5050000,NA,38,25.5,NA,NA,NA,NA,NA,NA,NA
Mozambique,2023,NA,287500,62500,350000,100000,NA,275000,NA,25000,NA,30.75,27.5,29,24,NA,26,NA,29,295000,25.2,75000,700000,NA,39,25,NA,NA,NA,NA,NA,NA,NA
Mozambique,2024,NA,250000,75000,218750,75000,NA,450000,NA,87500,NA,28.6,28.5,26.25,23.666666666666668,NA,27,NA,26,1125000,25.75,37500,8750000,NA,33,27.5,NA,NA,NA,NA,NA,NA,NA
Mozambique,2025,NA,316666.6666666667,87500,240000,87500,NA,600000,NA,300000,NA,31.333333333333332,29.5,28.4,26.5,NA,28,NA,26.666666666666668,3840000,26.75,50000,4750000,NA,34,28.5,NA,NA,NA,NA,NA,NA,NA
Uganda,2018,150000,150000,233333.33333333334,212500,316666.6666666667,NA,100000,NA,100000,20,23.333333333333332,22,26.5,27.333333333333332,NA,25,NA,23,NA,NA,300000,150000,NA,22,26,NA,NA,NA,NA,NA,NA,NA
Uganda,2019,208333.33333333334,218750,175000,200000,450000,NA,216666.66666666666,NA,150000,23,25.5,23.2,29,32.5,NA,26.333333333333332,NA,25,325000,24,1050000,166666.66666666666,NA,24,27.666666666666668,NA,NA,NA,NA,NA,NA,NA
Uganda,2020,NA,350000,312500,275000,1000000,NA,225000,NA,150000,NA,25.5,23.5,29,34,NA,26,NA,25,NA,NA,2000000,200000,NA,22,26,NA,NA,NA,NA,NA,NA,NA
Uganda,2021,158333.33333333334,287500,155000,158333.33333333334,450000,NA,200000,NA,150000,23.333333333333332,27.5,25.8,30,32,NA,27,NA,27,325000,26,775000,241666.66666666666,NA,22.5,26.333333333333332,NA,NA,NA,NA,NA,NA,NA
Uganda,2022,158333.33333333334,375000,175000,250000,200000,NA,225000,NA,NA,22.666666666666668,26,25.333333333333332,28,26,NA,26.5,NA,NA,325000,26,762500,200000,NA,22.5,29,NA,NA,NA,NA,NA,NA,NA
Uganda,2023,175000,275000,137500,100000,575000,NA,158333.33333333334,NA,NA,24,25.6,27.25,30,29,NA,24,NA,NA,300000,28,200000,233333.33333333334,NA,22.333333333333332,27.333333333333332,NA,NA,NA,NA,NA,NA,NA
Uganda,2024,350000,360714.28571428574,166666.66666666666,175000,175000,NA,175000,NA,125000,26,25.285714285714285,22.333333333333332,29.5,25,NA,20,NA,19,300000,28,300000,275000,NA,23,27.333333333333332,NA,NA,NA,NA,NA,NA,NA
Uganda,2025,325000,310000,150000,491666.6666666667,433333.3333333333,NA,366666.6666666667,NA,NA,30,27.2,28,25.666666666666668,32.333333333333336,NA,24,NA,NA,NA,NA,250000,375000,NA,24,28.333333333333332,NA,NA,NA,NA,NA,NA,NA
Israel,2018,950000,831250,4875000,650000,460000,NA,2250000,NA,650000,27.6,27.75,29.833333333333332,27,31,NA,26.666666666666668,NA,26.5,400000,34,1260000,700000,NA,29.2,28,NA,NA,NA,700000,22,NA,NA
Israel,2019,731250,611111.1111111111,3440000,683333.3333333334,466666.6666666667,NA,1981250,NA,650000,27,28.11111111111111,29.4,26.333333333333332,29.333333333333332,NA,22.25,NA,29,NA,NA,1655000,416666.6666666667,NA,27,28,NA,NA,NA,NA,NA,NA,NA
Israel,2020,987500,714285.7142857143,3775000,940000,350000,NA,7766666.666666667,NA,475000,24.75,28.428571428571427,27.5,25,32.666666666666664,NA,22.666666666666668,NA,25,NA,NA,2250000,500000,NA,31,28,NA,NA,NA,NA,NA,NA,NA
Israel,2021,850000,525000,3820000,870000,285000,NA,3600000,NA,600000,26.166666666666668,26.76923076923077,25.6,21.8,29.2,NA,23.333333333333332,NA,27,1400000,23,1560000,450000,NA,24.2,28,NA,NA,NA,NA,NA,NA,NA
Israel,2022,916666.6666666666,644444.4444444445,1966666.6666666667,964285.7142857143,950000,NA,5275000,NA,400000,26.666666666666668,29.11111111111111,27.5,24.857142857142858,29.4,NA,25.5,NA,27,2750000,26.75,2416666.6666666665,580000,NA,25.333333333333332,26.6,NA,NA,NA,800000,29,NA,NA
Israel,2023,3750000,791666.6666666666,1633333.3333333333,1200000,2137500,NA,4866666.666666667,NA,350000,27.5,28.166666666666668,26.166666666666668,25.4,29,NA,26.666666666666668,NA,29,3950000,25.5,4971428.571428572,775000,NA,27,25.25,NA,5000000,19,NA,NA,NA,NA
Israel,2024,1460714.2857142857,737500,2200000,850000,1225000,NA,5283333.333333333,NA,3000000,27.857142857142858,28,27.571428571428573,26.166666666666668,28.571428571428573,NA,26,NA,20,3266666.6666666665,27.333333333333332,4400000,875000,NA,26.428571428571427,26.25,NA,8000000,20,400000,31,NA,NA
Israel,2025,1728571.4285714286,862500,2220000,1450000,1545833.3333333333,NA,5000000,NA,500000,23.714285714285715,25.75,24,26.5,25.666666666666668,NA,22.5,NA,23,2070000,25.4,7825000,850000,NA,22.75,23,NA,4000000,20,NA,NA,NA,NA
Azerbaijan,2018,900000,550000,642857.1428571428,733333.3333333334,358333.3333333333,NA,325000,NA,520833.3333333333,29.666666666666668,26.6,25.428571428571427,26,28.166666666666668,NA,28,NA,29.166666666666668,500000,27,460000,375000,NA,27.6,27.5,NA,NA,NA,NA,NA,NA,NA
Azerbaijan,2019,850000,491666.6666666667,520000,550000,387500,NA,275000,NA,587500,26,23.833333333333332,22.4,25.666666666666668,25.25,NA,24.5,NA,25.5,500000,26,500000,400000,NA,27,27,NA,250000,25,NA,NA,NA,NA
Azerbaijan,2020,1000000,450000,441666.6666666667,540000,387500,NA,500000,NA,437500,29,25.22222222222222,24.166666666666668,25.6,27,NA,25,NA,26.25,250000,29,512500,300000,NA,25,27,NA,NA,NA,NA,NA,NA,NA
Azerbaijan,2021,675000,418181.8181818182,433333.3333333333,450000,375000,NA,100000,NA,460000,26.5,25,26,23.833333333333332,26,NA,20,NA,25.2,250000,28,510000,266666.6666666667,NA,25,22,NA,NA,NA,NA,NA,NA,NA
Azerbaijan,2022,783333.3333333334,428571.4285714286,1250000,575000,380000,NA,350000,NA,450000,30.666666666666668,28.571428571428573,24.25,26.25,28.6,NA,22,NA,27.75,NA,NA,391666.6666666667,625000,NA,27.666666666666668,22,NA,350000,27.5,NA,NA,NA,NA
Azerbaijan,2023,637500,405555.55555555556,645000,533333.3333333334,390000,NA,250000,NA,450000,27.5,27.88888888888889,22.4,24.333333333333332,27,NA,22,NA,25.666666666666668,NA,NA,466666.6666666667,420000,NA,27.333333333333332,24,NA,NA,NA,NA,NA,NA,NA
Azerbaijan,2024,668750,391666.6666666667,1090000,440000,456250,NA,325000,NA,733333.3333333334,26.75,29.555555555555557,25.2,27.4,28.125,NA,26.5,NA,28,NA,NA,415000,1350000,NA,26.8,24,NA,NA,NA,NA,NA,NA,NA
Azerbaijan,2025,560000,397222.22222222225,990000,490000,505000,NA,350000,NA,700000,25.6,26.88888888888889,22.8,25.2,27,NA,22,NA,27,NA,NA,550000,850000,NA,25.666666666666668,22,NA,500000,23,NA,NA,NA,NA
Thailand,2018,237500,103571.42857142857,287500,400000,141666.66666666666,NA,166666.66666666666,NA,125000,26.75,24,25.25,25.25,28.833333333333332,NA,24.333333333333332,NA,25,156250,24.75,266666.6666666667,143750,NA,24.666666666666668,23.5,NA,NA,NA,NA,NA,NA,NA
Thailand,2019,257142.85714285713,205555.55555555556,418750,375000,230000,NA,215000,NA,250000,27.142857142857142,26.444444444444443,24.75,26,30.6,NA,25.8,NA,27.5,200000,28,620000,250000,NA,27,27.666666666666668,NA,NA,NA,NA,NA,NA,NA
Thailand,2021,260000,200000,365000,350000,203571.42857142858,NA,208333.33333333334,NA,230000,28,26.5,24.8,25.6,29.428571428571427,NA,23.666666666666668,NA,26,112500,24.5,537500,145000,NA,26.333333333333332,26.4,NA,NA,NA,NA,NA,NA,NA
Thailand,2022,262500,195000,325000,342857.14285714284,158333.33333333334,NA,237500,NA,275000,29,27.6,27.333333333333332,26.428571428571427,30.5,NA,25.5,NA,27.5,216666.66666666666,26.333333333333332,508333.3333333333,218750,NA,26.166666666666668,24,NA,NA,NA,NA,NA,NA,NA
Thailand,2023,260000,214285.7142857143,275000,383333.3333333333,150000,NA,237500,NA,200000,29.8,29,24.285714285714285,27.833333333333332,28.875,NA,25,NA,29,162500,26,440625,270000,NA,25.75,24.6,NA,NA,NA,NA,NA,NA,NA
Thailand,2024,225000,252777.77777777778,510714.28571428574,307142.85714285716,193750,NA,341666.6666666667,NA,220000,29.6,28.333333333333332,25.285714285714285,29.571428571428573,31,NA,26,NA,27,220000,27.6,384375,316666.6666666667,NA,24.875,27.5,NA,NA,NA,NA,NA,NA,NA
Thailand,2025,260000,227272.72727272726,533333.3333333334,340000,225000,NA,258333.33333333334,NA,237500,27.8,27.727272727272727,23.166666666666668,29.2,27.8,NA,22.666666666666668,NA,25.25,250000,25.5,442857.14285714284,266666.6666666667,NA,24.571428571428573,25.666666666666668,NA,NA,NA,NA,NA,NA,NA
Slovenia,2018,6066666.666666667,1110000,2040000,2150000,520000,NA,6000000,NA,1266666.6666666667,26.166666666666668,27.2,27.2,26.5,27,NA,25,NA,29,NA,NA,6566666.666666667,700000,NA,29.333333333333332,27.666666666666668,NA,1350000,23,NA,NA,NA,NA
Slovenia,2019,2760000,1525000,1970000,1000000,20525000,NA,3050000,NA,800000,24.2,26.166666666666668,26.4,25,26,NA,26,NA,28,NA,NA,4883333.333333333,700000,NA,29,27,NA,1350000,23,750000,26,NA,NA
Slovenia,2020,1564285.7142857143,1591666.6666666667,1950000,2250000,23633333.333333332,NA,2866666.6666666665,NA,1500000,25.285714285714285,26.833333333333332,27.75,27.5,31,NA,28.666666666666668,NA,32,NA,NA,2300000,1350000,NA,28.25,26.666666666666668,NA,850000,25,400000,28,NA,NA
Slovenia,2021,1031250,1441666.6666666667,1983333.3333333333,1450000,22762500,NA,4500000,NA,850000,24.625,24.5,22.5,27,25.25,NA,28,NA,29.333333333333332,NA,NA,5250000,725000,NA,27.5,26.25,NA,675000,23,600000,28,NA,NA
Slovenia,2022,3257142.8571428573,3700000,5642857.142857143,1733333.3333333333,7500000,NA,3000000,NA,400000,26.714285714285715,27.75,25.571428571428573,28.666666666666668,27.2,NA,29,NA,29.5,NA,NA,NA,1350000,NA,NA,28.5,NA,2150000,25.5,NA,NA,NA,NA
Slovenia,2023,2766666.6666666665,3160000,4571428.571428572,4000000,8340000,NA,3500000,NA,500000,26.5,24.4,24.142857142857142,26,26.4,NA,29,NA,28,550000,22,NA,1600000,NA,NA,28.5,NA,2150000,25,NA,NA,NA,NA
Slovenia,2024,3287500,3716666.6666666665,8630000,1900000,3704166.6666666665,NA,650000,NA,800000,28,26.333333333333332,27,24.5,27.833333333333332,NA,28.5,NA,30,900000,25,1033333.3333333334,737500,NA,27.666666666666668,27.5,NA,2516666.6666666665,25,NA,NA,NA,NA
Slovenia,2025,4462500,4633333.333333333,8728571.42857143,1750000,5410000,NA,800000,NA,1200000,25.75,26,25.571428571428573,24.25,25,NA,28,NA,30,1000000,24,2500000,850000,NA,22,30.5,NA,2500000,27,NA,NA,NA,NA
Kazakhstan,2018,800000,883333.3333333334,850000,975000,616666.6666666666,NA,2500000,NA,833333.3333333334,24,27.166666666666668,25.5,26,31.666666666666668,NA,25,NA,25,800000,22,1083333.3333333333,1500000,NA,24.666666666666668,25,NA,NA,NA,NA,NA,NA,NA
Kazakhstan,2019,787500,586363.6363636364,679166.6666666666,1050000,762500,NA,1600000,NA,720000,25,25.545454545454547,24.833333333333332,25.666666666666668,27.25,NA,28.5,NA,24.6,525000,20,1650000,1116666.6666666667,NA,27,24.333333333333332,NA,NA,NA,NA,NA,NA,NA
Kazakhstan,2020,533333.3333333334,866666.6666666666,540000,762500,540000,NA,NA,NA,1100000,29,27.5,27,28,27.6,NA,NA,NA,28.666666666666668,500000,25,825000,1362500,NA,26,27.25,NA,NA,NA,NA,NA,NA,NA
Kazakhstan,2021,550000,800000,487500,966666.6666666666,600000,700000,583333.3333333334,NA,510714.28571428574,28.25,26.5,25.625,27.666666666666668,28.833333333333332,26,27,NA,26.285714285714285,416666.6666666667,22.333333333333332,375000,1157142.857142857,NA,24.6,25.857142857142858,NA,NA,NA,NA,NA,NA,NA
Kazakhstan,2022,500000,521428.5714285714,480000,350000,483333.3333333333,NA,437500,NA,470000,30.75,28.857142857142858,26,26.666666666666668,27.333333333333332,NA,26,NA,29.6,700000,21,420000,1520000,NA,26.8,30,NA,NA,NA,NA,NA,NA,NA
Kazakhstan,2023,450000,1060000,358333.3333333333,450000,480000,250000,625000,NA,341666.6666666667,34,29.4,24.5,31,29,29,26,NA,30.333333333333332,800000,23,400000,1900000,NA,25.75,29.333333333333332,NA,NA,NA,NA,NA,NA,NA
Kazakhstan,2024,300000,792857.1428571428,387500,450000,375000,225000,393750,NA,275000,31.666666666666668,29.142857142857142,27,28,28.5,30,25.25,NA,30.571428571428573,1700000,24,316666.6666666667,1037500,NA,27.666666666666668,27.75,NA,NA,NA,NA,NA,NA,NA
Kazakhstan,2025,380000,857142.8571428572,366666.6666666667,250000,291666.6666666667,NA,330000,NA,362500,27,27.571428571428573,25.833333333333332,27,26.5,NA,24.2,NA,29.75,700000,24,300000,1450000,NA,30.5,26.333333333333332,NA,NA,NA,NA,NA,NA,NA
Gibraltar,2018,NA,25000,25000,NA,NA,NA,NA,NA,25000,NA,34,33.5,NA,NA,NA,NA,NA,24,NA,NA,100000,25000,NA,31,31,NA,25000,29,NA,NA,NA,NA
Gibraltar,2019,NA,25000,25000,NA,NA,NA,NA,NA,25000,NA,33.5,37,NA,NA,NA,NA,NA,23,NA,NA,100000,25000,NA,30,31,NA,NA,NA,NA,NA,NA,NA
Gibraltar,2020,NA,25000,37500,NA,25000,NA,NA,NA,112500,NA,36,30,NA,29,NA,NA,NA,30.5,NA,NA,100000,NA,NA,33,NA,NA,NA,NA,NA,NA,NA,NA
Gibraltar,2021,NA,25000,37500,NA,25000,NA,NA,NA,112500,NA,35.5,29.5,NA,29,NA,NA,NA,30,NA,NA,100000,25000,NA,32,33,NA,NA,NA,NA,NA,NA,NA
Gibraltar,2022,75000,75000,75000,37500,83333.33333333333,NA,NA,NA,100000,25,30.4,26.5,23.5,24.333333333333332,NA,NA,NA,28.25,NA,NA,100000,90000,NA,30,26.2,NA,25000,33,NA,NA,NA,NA
Gibraltar,2023,75000,75000,87500,28333.333333333332,87500,NA,50000,NA,85000,25,30,31.5,22.333333333333332,23.25,NA,25,NA,26.8,NA,NA,93750,80000,NA,27,26.2,NA,37500,27.5,NA,NA,NA,NA
Gibraltar,2024,62500,87000,92500,58333.333333333336,87500,NA,50000,NA,116666.66666666667,23.5,28.8,34,26.666666666666668,25.75,NA,21.5,NA,26.333333333333332,NA,NA,50000,83750,NA,30,28,NA,50000,24,NA,NA,NA,NA
Gibraltar,2025,62500,86666.66666666667,91666.66666666667,58333.333333333336,108333.33333333333,25000,50000,NA,116666.66666666667,23,31,22.333333333333332,22.666666666666668,24.333333333333332,20,22,NA,25.333333333333332,75000,27,62500,108333.33333333333,NA,32,24.666666666666668,NA,50000,21,NA,NA,NA,NA
Cambodia,2019,NA,NA,NA,225000,NA,NA,NA,NA,NA,NA,NA,NA,29,NA,NA,NA,NA,NA,NA,NA,NA,NA,NA,NA,NA,NA,NA,NA,NA,NA,NA,NA
Cambodia,2021,75000,NA,NA,225000,NA,NA,NA,NA,NA,23,NA,NA,29,NA,NA,NA,NA,NA,NA,NA,NA,NA,NA,NA,NA,NA,NA,NA,NA,NA,NA,NA
Cambodia,2022,50000,68750,70000,100000,75000,10000,86666.66666666667,NA,58333.333333333336,31,22.5,26,27.333333333333332,21,22,20.333333333333332,NA,23.666666666666668,40000,21.333333333333332,NA,62500,NA,NA,23,NA,58333.333333333336,20.333333333333332,NA,NA,NA,NA
Cambodia,2023,41666.666666666664,80000,82000,81250,68750,50000,125000,NA,66666.66666666667,27.333333333333332,24.6,25.8,30,21,23,22,NA,24.666666666666668,67500,22.5,NA,65000,NA,NA,23,NA,75000,23,NA,NA,NA,NA
Cambodia,2024,83333.33333333333,100000,75000,66666.66666666667,90000,75000,77000,NA,100000,26.166666666666668,27,24.75,28.833333333333332,24.4,24.5,23.4,NA,27,133333.33333333334,23.666666666666668,125000,112500,NA,27.5,23,NA,91666.66666666667,23.333333333333332,NA,NA,NA,NA
Cambodia,2025,87500,96428.57142857143,70000,50000,90000,NA,200000,NA,112500,23.833333333333332,24.857142857142858,23.4,26.5,24.6,NA,22,NA,27,150000,22.5,175000,100000,NA,28,22.333333333333332,NA,87500,22,NA,NA,NA,NA
